Date,24h Average,Ask,Bid,Last,Total Volume
2015-07-27,0.64999999999998,2.78,3.0,3.03,37075.15
2015-07-26,2.21,4.98,4.6,4.54,-12695.24
2015-07-25,6.36,-0.33000000000004,-0.13,-0.17000000000002,-38485.4
2015-07-24,4.46,11.3,11.22,11.34,44642.72
2015-07-23,0.88999999999999,0.79000000000002,0.70999999999998,0.69999999999999,-12166.74
2015-07-22,-2.51,-2.57,-2.62,-2.62,1461.56
2015-07-21,3.17,1.22,1.38,1.38,-4112.19
2015-07-20,1.57,3.34,3.41,3.38,21886.62
2015-07-19,-2.92,0.26999999999998,0.25999999999999,0.27000000000004,-36339.07
2015-07-18,0.42000000000002,-4.06,-4.14,-4.72,-6544.95
2015-07-17,-6.04,-1.61,-1.64,-0.95999999999998,-58683.44
2015-07-16,-7.75,-11.18,-10.88,-11.46,77774.23
2015-07-15,0.13999999999999,1.32,1.09,1.49,-10609.22
2015-07-14,-4.18,-2.49,-2.52,-2.64,-87154.66
2015-07-13,-7.77,-15.14,-15.26,-15.05,31892.3
2015-07-12,12.5,13.99,14.05,14.04,25518.23
2015-07-11,10.87,7.84,8.06,7.84,-115165.14
2015-07-10,9.34,14.5,14.34,14.44,133419.38
2015-07-09,1.16,3.65,3.71,3.76,-8859.66
2015-07-08,0.62,0.75999999999999,0.75,0.63,12342.06
2015-07-07,-3.15,-7.52,-7.54,-7.41,-53332.28
2015-07-06,8.02,3.73,3.61,3.81,9193.22
2015-07-05,5.24,7.8,7.74,7.75,76645.41
2015-07-04,1.99,5.66,5.78,5.63,-8006.46
2015-07-03,-1.8200000000001,0.58999999999997,0.46000000000004,0.44999999999999,-6057.27
2015-07-02,-2.48,-3.65,-3.54,-3.68,-20441.67
2015-07-01,-1.56,-3.7,-3.81,-3.61,-48396.84
2015-06-30,9.23,8.35,8.35,8.3,30734.23
2015-06-29,2.47,5.14,5.18,5.23,51670.59
2015-06-28,3.55,-1.38,-1.26,-1.59,-14948.01
2015-06-27,3.22,7.71,7.71,7.94,19335.65
2015-06-26,0.19999999999999,0.88999999999999,0.71000000000001,0.81,-7158.66
2015-06-25,-1.18,0.78999999999999,0.84,0.86000000000001,-8219.93
2015-06-24,-1.89,-3.62,-3.67,-3.69,11842.78
2015-06-23,0.59999999999999,-2.27,-2.31,-2.29,-10789.49
2015-06-22,0.65000000000001,2.99,3.01,3.01,25217.24
2015-06-21,1.56,0.25,0.21000000000001,0.19999999999999,-41524.98
2015-06-20,-5.07,-1.4,-1.28,-1.39,9433.01
2015-06-19,0.090000000000003,-3.0,-2.92,-2.98,-27117.66
2015-06-18,-2.38,1.16,0.97,1.1,-40628.55
2015-06-17,9.94,0.56,0.56,0.59,6070.3
2015-06-16,5.66,10.66,10.68,10.68,58249.86
2015-06-15,1.33,3.26,3.23,3.22,26998.04
2015-06-14,2.85,0.60000000000002,0.69,0.61000000000001,-4425.17
2015-06-13,-0.099999999999994,2.08,2.1,2.19,-2348.36
2015-06-12,0.69,0.71000000000001,0.66,0.59,-1028.69
2015-06-11,-0.069999999999993,0.28999999999999,0.25999999999999,0.34999999999999,72.889999999999
2015-06-10,0.63999999999999,-0.56999999999999,-0.52000000000001,-0.58000000000001,-17285.03
2015-06-09,4.39,1.82,1.79,1.89,-16738.58
2015-06-08,0.099999999999994,4.98,5.01,5.0,34609.31
2015-06-07,-0.63,-2.33,-2.31,-2.46,8128.05
2015-06-06,0.91,-0.080000000000013,0.0099999999999909,0.090000000000003,-26662.3
2015-06-05,-0.86000000000001,0.88,0.77000000000001,0.72,11181.76
2015-06-04,-0.039999999999992,-1.26,-1.32,-1.24,-7409.54
2015-06-03,2.27,0.91,0.98999999999998,1.03,-14810.2
2015-06-02,-3.66,4.5,4.52,4.42,-23091.32
2015-06-01,-5.5,-9.83,-9.86,-9.86,61182.73
2015-05-31,-2.23,-1.84,-1.86,-1.81,-10871.49
2015-05-30,-2.28,-4.83,-4.78,-4.91,4985.75
2015-05-29,-0.25,-0.38999999999999,-0.49000000000001,-0.44,2507.24
2015-05-28,-0.57999999999998,0.91999999999999,0.98000000000002,1.07,-15913.99
2015-05-27,0.91,-0.81,-0.86000000000001,-0.88999999999999,8663.19
2015-05-26,-1.6,0.62,0.69,0.69,7925.01
2015-05-25,-1.1,-4.16,-4.13,-4.11,3762.06
2015-05-24,0.02000000000001,1.58,1.61,1.61,-3104.54
2015-05-23,3.04,-0.30000000000001,-0.41,-0.39000000000001,-43732.2
2015-05-22,1.6,4.32,4.41,4.29,34529.71
2015-05-21,1.47,1.62,1.53,1.64,-3537.0
2015-05-20,0.44,0.93000000000001,0.88999999999999,0.84999999999999,5102.69
2015-05-19,-2.9,0.069999999999993,0.099999999999994,0.13,-7053.81
2015-05-18,-1.14,-3.57,-3.52,-3.56,22582.87
2015-05-17,-0.54999999999998,-0.70000000000002,-0.78,-0.73999999999998,-5900.53
2015-05-16,-3.14,1.01,1.17,1.11,-51948.66
2015-05-15,0.0,0.0,0.0,0.0,0.0
2015-05-14,-2.22,0.019999999999982,-0.099999999999994,-0.090000000000003,23293.6
2015-05-13,1.57,-5.89,-5.87,-5.91,5411.66
2015-05-12,0.51999999999998,-0.47999999999999,-0.52000000000001,-0.45999999999998,-5787.62
2015-05-11,-0.38999999999999,1.99,2.17,2.05,17201.78
2015-05-10,-1.1,-1.58,-1.72,-1.55,-17305.05
2015-05-09,3.45,-2.32,-2.26,-2.23,-27352.36
2015-05-08,8.0,6.77,6.76,6.68,-36558.27
2015-05-07,-4.0,6.82,6.85,6.69,56336.42
2015-05-06,-0.53,-4.75,-4.88,-4.62,-7190.0
2015-05-05,-4.25,-3.41,-3.31,-3.39,10195.59
2015-05-04,0.74000000000001,-1.04,-1.12,-1.13,12694.68
2015-05-03,4.45,3.93,3.95,4.01,12777.77
2015-05-02,-0.50999999999999,1.17,1.3,1.24,-17582.6
2015-05-01,4.63,-1.31,-1.25,-1.37,-54755.84
2015-04-30,5.22,9.88,9.63,9.82,54380.67
2015-04-29,-0.68000000000001,0.92000000000002,1.19,0.97999999999999,-20142.85
2015-04-28,6.38,-7.52,-7.49,-7.53,-38641.19
2015-04-27,0.38,14.31,14.03,14.26,16255.64
2015-04-26,-10.09,-8.5,-8.42,-8.53,57919.86
2015-04-25,-2.86,-3.62,-3.59,-3.52,-24767.21
2015-04-24,-2.32,-4.33,-4.41,-4.83,26163.51
2015-04-23,-0.47,1.66,1.75,2.05,-34604.05
2015-04-22,9.26,0.68000000000001,0.67000000000002,0.69,-6695.29
2015-04-21,2.34,8.96,8.93,9.0,25566.53
2015-04-20,-0.80000000000001,1.55,1.55,1.59,9230.0
2015-04-19,1.54,-1.42,-1.39,-1.5,6241.71
2015-04-18,-2.0,1.07,1.02,1.12,-29321.74
2015-04-17,-1.92,-6.45,-6.41,-6.43,-14990.2
2015-04-16,5.92,7.8,7.76,7.73,12178.72
2015-04-15,0.0099999999999909,4.52,4.66,4.69,-54915.93
2015-04-14,-12.69,-5.74,-5.78,-5.66,30966.3
2015-04-13,-3.06,-13.42,-13.58,-13.64,62240.55
2015-04-12,0.77000000000001,0.14000000000001,0.25,0.21000000000001,-15201.9
2015-04-11,-2.92,1.4,1.36,1.35,-43794.32
2015-04-10,-5.08,-8.65,-8.42,-8.48,28251.27
2015-04-09,-6.36,-2.7,-2.91,-2.76,-29535.81
2015-04-08,-4.28,-8.94,-8.83,-9.0,45859.49
2015-04-07,-3.32,-1.27,-1.22,-1.22,-17262.5
2015-04-06,2.23,-1.44,-1.6,-1.55,17840.89
2015-04-05,1.84,3.15,3.09,3.2,15991.46
2015-04-04,0.30000000000001,0.19000000000003,0.28,0.11000000000001,-35484.55
2015-04-03,5.55,2.35,2.38,2.3,-14693.25
2015-04-02,4.39,5.43,5.41,5.58,16137.75
2015-04-01,-2.34,0.27999999999997,0.47,0.47999999999999,5263.73
2015-03-31,1.53,-0.78999999999999,-0.84,-0.88,-13024.95
2015-03-30,-1.48,4.31,4.41,4.32,8942.94
2015-03-29,-5.61,-10.42,-10.62,-10.44,18980.33
2015-03-28,3.8,4.77,4.6,4.61,-4020.05
2015-03-27,-1.21,-0.019999999999982,0.069999999999993,-0.030000000000001,-23441.01
2015-03-26,4.23,2.18,2.34,2.21,-42870.85
2015-03-25,-12.52,-2.14,-2.35,-2.15,-18588.83
2015-03-24,-10.0,-19.18,-19.13,-19.17,69965.61
2015-03-23,5.41,-0.73000000000002,-0.56999999999999,-0.75,20310.03
2015-03-22,1.64,8.14,7.97,8.23,1725.97
2015-03-21,-0.76999999999998,-2.14,-1.9,-2.13,-3814.05
2015-03-20,4.07,1.11,0.83000000000004,0.98000000000002,-126644.31
2015-03-19,-18.11,6.18,6.29,6.26,-9873.99
2015-03-18,-14.94,-30.12,-30.13,-30.17,126883.35
2015-03-17,-0.75,-6.05,-6.12,-6.06,164.71
2015-03-16,6.48,4.89,4.94,4.96,24340.85
2015-03-15,0.75999999999999,3.51,3.7,3.51,-39187.46
2015-03-14,-7.77,-5.72,-5.88,-5.74,-14310.36
2015-03-13,-3.29,-6.5,-6.45,-6.38,22366.52
2015-03-12,1.16,-1.13,-0.96999999999997,-1.16,-4345.95
2015-03-11,-0.11000000000001,2.57,2.28,2.49,-90652.9
2015-03-10,12.31,4.72,5.08,4.96,21576.74
2015-03-09,5.78,13.86,13.76,13.82,92440.77
2015-03-08,1.91,-1.05,-1.22,-1.25,-5315.7
2015-03-07,0.30000000000001,2.82,2.8,2.92,-38238.25
2015-03-06,2.39,-2.5,-2.47,-2.8,-36334.33
2015-03-05,-8.44,3.73,3.79,3.83,-24.25
2015-03-04,4.24,-8.87,-8.89,-8.6,-27908.31
2015-03-03,13.2,8.0,8.05,7.95,34891.93
2015-03-02,9.76,13.34,13.38,13.42,41506.19
2015-03-01,-0.94,4.66,4.74,4.64,31873.42
2015-02-28,3.42,-0.84999999999997,-0.91999999999999,-0.88000000000002,-101160.55
2015-02-27,12.6,18.39,18.43,18.49,101276.67
2015-02-26,-1.16,-0.63000000000002,-0.70999999999998,-0.78,7735.37
2015-02-25,-0.81999999999999,-1.67,-1.61,-1.76,-8064.61
2015-02-24,3.02,0.41999999999999,0.22,0.37,-9114.59
2015-02-23,-6.28,3.41,3.63,3.47,-12747.98
2015-02-22,-2.63,-9.32,-9.49,-9.27,24904.98
2015-02-21,1.93,1.0,0.91,0.87,-40335.81
2015-02-20,5.01,2.92,3.15,2.93,23991.73
2015-02-19,-1.94,6.18,6.59,6.42,-29813.05
2015-02-18,1.76,-7.36,-7.85,-7.65,-8248.37
2015-02-17,4.31,6.28,6.45,6.46,-5144.69
2015-02-16,-16.68,3.03,2.81,2.97,-117259.07
2015-02-15,5.63,-25.26,-25.2,-25.18,57029.48
2015-02-14,13.76,22.84,22.9,22.89,6731.95
2015-02-13,10.97,12.83,12.88,12.81,102980.05
2015-02-12,-0.97,3.1,3.26,3.28,-7657.88
2015-02-11,2.61,-0.81999999999999,-0.88999999999999,-1.03,-18605.76
2015-02-10,-2.32,0.38,0.34999999999999,0.47,-26175.24
2015-02-09,-4.23,-3.58,-3.73,-3.74,43806.99
2015-02-08,-0.78,-4.44,-4.63,-4.6,-21853.84
2015-02-07,6.11,4.7,4.87,5.0,-2317.13
2015-02-06,-2.73,5.65,5.77,5.61,4607.11
2015-02-05,-12.25,-9.1,-9.08,-9.23,-47549.34
2015-02-04,8.82,-12.17,-12.12,-12.01,40603.61
2015-02-02,8.05,12.65,12.49,12.43,-36858.5
2015-02-01,-10.17,4.09,3.97,4.2,44775.5
2015-01-31,-4.02,-6.59,-6.34,-6.76,-20726.68
2015-01-30,0.44999999999999,-2.26,-2.43,-1.89,-22431.94
2015-01-29,-21.84,-4.12,-4.23,-4.41,-42126.83
2015-01-28,-7.42,-27.54,-27.33,-27.34,15777.14
2015-01-27,-19.15,-8.53,-8.37,-8.98,-208104.81
2015-01-26,32.07,18.78,18.65,19.03,247883.19
2015-01-25,11.01,5.43,5.38,5.5,26216.49
2015-01-24,7.01,15.51,15.64,15.49,-5033.21
2015-01-23,-1.63,-0.29999999999998,-0.41,-0.14000000000001,-38353.3
2015-01-22,17.03,7.33,7.26,7.5,16412.63
2015-01-21,3.65,12.77,12.9,12.61,12760.47
2015-01-20,-0.34999999999999,-4.81,-4.76,-4.81,29587.25
2015-01-19,5.84,6.29,6.24,6.02,-40314.62
2015-01-18,4.44,11.13,10.94,11.11,21828.89
2015-01-17,-10.45,-8.63,-8.58,-8.25,-41611.64
2015-01-16,6.53,-0.48999999999998,-0.62,-0.80000000000001,-153511.23
2015-01-15,5.2,32.07,32.19,32.7,-95253.88
2015-01-14,-41.94,-45.43,-45.58,-46.09,149432.73
2015-01-13,-27.41,-47.39,-47.19,-47.25,181328.32
2015-01-12,-4.66,2.84,2.61,2.65,3191.53
2015-01-11,-6.96,-10.44,-9.98,-10.15,-937.6
2015-01-10,-3.79,-11.32,-11.59,-11.28,-12296.62
2015-01-09,-4.57,4.0,4.03,3.99,-586.38
2015-01-08,12.57,-1.67,-1.8200000000001,-1.68,-21829.26
2015-01-06,5.26,8.32,9.16,8.59,-35271.93
2015-01-05,-4.1300000000001,16.53,15.91,16.03,-77206.43
2015-01-04,-30.24,-26.82,-26.59,-26.78,96495.21
2015-01-03,-9.3,-28.6,-28.56,-28.25,75558.1
2015-01-02,-1.59,0.56999999999999,0.75999999999999,0.90999999999997,2900.22
2015-01-01,2.6,-2.8,-3.02,-3.55,-5948.72
2014-12-31,-1.15,6.02,6.32,6.4,-1504.8
2014-12-30,-1.55,-3.19,-3.86,-3.6,3850.34
2014-12-29,0.18000000000001,-1.9299999999999,-1.79,-1.95,1641.0
2014-12-28,-4.2,0.54999999999995,0.78999999999996,0.88,-13789.11
2014-12-27,-2.45,-13.32,-13.58,-13.44,4772.88
2014-12-26,2.27,11.77,11.49,11.64,12878.21
2014-12-25,-10.19,-5.37,-5.06,-5.07,-11191.52
2014-12-24,-2.6900000000001,-11.96,-11.72,-11.97,-3355.45
2014-12-23,5.95,4.87,4.64,4.76,-13390.67
2014-12-22,3.07,8.95,8.76,8.66,12367.62
2014-12-21,0.47999999999996,-7.35,-7.27,-7.25,-10388.61
2014-12-20,11.61,10.63,10.53,10.74,-7941.87
2014-12-19,-0.49000000000001,7.49,7.71,7.67,-65623.34
2014-12-18,-10.47,-8.09,-7.87,-7.97,9130.9
2014-12-17,-13.09,-10.61,-10.39,-10.61,24290.69
2014-12-16,-11.43,-17.13,-17.45,-17.43,38877.52
2014-12-15,-1.2,-3.64,-4.05,-3.75,11873.98
2014-12-14,0.65000000000003,2.24,3.01,2.4,-631.75
2014-12-13,-2.39,-4.54,-5.07,-4.52,-9829.35
2014-12-12,-1.04,5.36,5.39,5.39,-46928.04
2014-12-11,2.16,0.0,-0.089999999999975,-0.20999999999998,44108.68
2014-12-10,-3.73,-4.11,-4.17,-4.08,-42690.2
2014-12-09,-16.69,-14.17,-13.97,-13.83,46026.97
2014-12-08,-6.62,-10.92,-10.84,-11.09,26105.47
2014-12-07,1.24,1.1,0.98000000000002,1.11,-8954.65
2014-12-06,2.66,-2.03,-1.85,-2.3,-23214.77
2014-12-05,-1.85,6.89,6.73,7.31,1713.25
2014-12-04,-4.81,-6.02,-5.98,-6.28,6036.63
2014-12-03,-2.73,-5.25,-5.35,-4.81,4442.48
2014-12-02,2.29,0.70999999999998,0.90999999999997,0.050000000000011,4837.91
2014-12-01,2.11,3.78,3.46,3.93,4372.29
2014-11-30,-0.53999999999996,1.55,1.43,1.57,-76879.17
2014-11-29,9.09,-0.95000000000005,-0.59000000000003,-0.83999999999997,27420.61
2014-11-28,-1.99,7.5700000000001,7.6,7.47,49329.55
2014-11-27,-0.74000000000001,5.4299999999999,1.97,3.12,-27001.94
2014-11-26,-10.8,-13.28,-10.01,-10.73,-19458.76
2014-11-25,8.6,-3.16,-2.49,-3.18,-1834.95
2014-11-24,15.96,12.54,12.2,13.4,36585.23
2014-11-23,1.9,15.44,15.18,14.28,-885.82
2014-11-22,-9.74,-4.87,-5.04,-4.86,-25797.81
2014-11-20,-11.86,-19.26,-19.13,-19.27,17593.55
2014-11-19,-2.94,-0.060000000000002,-0.13,-0.099999999999966,-33965.19
2014-11-18,-14.95,-10.9,-11.0,-10.89,-17724.21
2014-11-17,13.24,-0.33000000000004,0.27999999999997,0.12,69202.58
2014-11-16,-4.43,11.17,10.57,10.97,-7641.63
2014-11-15,-10.04,-20.95,-20.41,-21.04,-32894.61
2014-11-14,-34.27,-18.98,-19.67,-20.05,-53681.79
2014-11-13,38.61,-3.65,-3.43,-2.58,27808.57
2014-11-12,26.07,54.2,54.02,54.04,54888.84
2014-11-11,1.72,-1.33,-1.13,-1.23,-37762.54
2014-11-10,14.94,8.28,8.22,8.37,19872.49
2014-11-09,6.33,13.71,13.72,13.73,36750.23
2014-11-08,-1.57,4.01,3.98,3.97,-24611.3
2014-11-07,2.84,-7.08,-6.77,-6.98,-785.93
2014-11-06,5.56,8.77,8.73,8.54,-4869.58
2014-11-05,10.03,11.14,10.99,11.18,10746.38
2014-11-04,-1.05,3.04,3.13,3.08,7143.45
2014-11-03,3.53,0.23999999999995,0.25,0.20999999999998,10817.85
2014-11-02,-6.37,0.94,1.01,1.05,-23162.75
2014-11-01,-11.04,-15.36,-15.75,-15.41,-1822.99
2014-10-31,4.22,-7.17,-6.33,-7.05,-20433.24
2014-10-30,-10.6,10.87,10.18,10.76,23508.67
2014-10-29,-6.43,-18.76,-18.79,-18.91,25569.34
2014-10-28,1.34,1.6,1.69,1.61,-10994.03
2014-10-27,2.43,-0.88999999999999,-0.82999999999998,-0.89000000000004,1909.56
2014-10-26,0.30000000000001,4.82,5.05,4.81,-18461.59
2014-10-25,-7.08,-7.5,-7.67,-7.57,6490.52
2014-10-24,-12.58,-2.09,-2.28,-1.33,-22716.61
2014-10-23,-14.09,-24.44,-24.12,-24.68,37776.09
2014-10-22,-0.76999999999998,-2.43,-2.56,-2.61,-5949.24
2014-10-21,1.91,2.41,2.88,2.11,-5790.01
2014-10-20,-6.58,-4.82,-5.48,-4.53,25191.57
2014-10-19,8.48,-1.79,-1.61,-1.93,-16292.24
2014-10-18,-6.48,10.52,10.22,10.55,-34436.73
2014-10-16,-6.42,-12.74,-12.84,-12.81,1634.95
2014-10-15,-6.58,-12.75,-12.58,-12.8,-31226.22
2014-10-14,23.74,7.18,7.36,7.25,15282.79
2014-10-13,14.61,22.15,22.27,22.28,35998.85
2014-10-12,2.78,12.91,12.98,12.76,7195.91
2014-10-11,-2.42,4.45,4.48,4.51,-33340.58
2014-10-10,0.49000000000001,2.3,2.01,2.32,-59546.61
2014-10-09,24.9,4.33,4.19,6.53,46738.1
2014-10-08,8.09,22.49,22.65,20.05,3060.94
2014-10-07,6.75,-4.87,-4.75,-4.42,-87310.65
2014-10-06,4.38,32.43,33.08,32.51,5594.37
2014-10-05,-30.86,-27.27,-28.27,-28.23,74645.51
2014-10-04,-21.73,-27.11,-26.66,-26.16,32554.12
2014-10-03,-11.12,-17.44,-17.58,-18.0,23767.53
2014-10-02,-2.37,-11.07,-10.18,-10.55,-207.41
2014-10-01,4.7,-3.63,-4.45,-0.42999999999995,-9932.36
2014-09-30,-14.08,12.32,13.74,8.5,13798.17
2014-09-29,-12.22,-26.6,-28.34,-26.69,13547.68
2014-09-27,-1.86,-4.36,-3.6,-3.83,-8753.85
2014-09-26,-7.19,-6.49,-6.3,-6.75,-4937.13
2014-09-25,-12.61,-10.42,-10.61,-9.72,-170.95
2014-09-24,20.0,-13.43,-12.17,-13.56,-20304.79
2014-09-23,6.19,33.32,31.47,33.62,20134.97
2014-09-22,-0.40000000000003,9.74,10.15,8.67,1711.58
2014-09-21,-7.91,-13.46,-14.15,-13.25,-11651.52
2014-09-20,0.84999999999997,11.54,12.06,10.76,-11785.93
2014-09-19,-33.11,-29.44,-29.26,-28.93,7555.36
2014-09-18,-19.6,-23.4,-23.32,-22.94,17476.66
2014-09-17,-12.06,-17.96,-17.55,-18.19,8486.78
2014-09-16,-4.35,-11.28,-12.07,-11.17,-3879.25
2014-09-15,-1.95,0.24000000000001,0.25999999999999,-0.069999999999993,5817.27
2014-09-14,0.85000000000002,-3.13,-2.71,-2.22,-8600.58
2014-09-13,1.35,4.39,4.3,3.77,4141.09
2014-09-12,-1.46,-2.38,-2.68,-2.3200000000001,-4148.0
2014-09-11,7.52,2.31,2.45,2.74,-6689.1
2014-09-10,-2.63,4.94,4.56,4.24,-13818.17
2014-09-08,-13.76,-12.65,-12.54,-12.5,32508.9
2014-09-07,0.37,-3.89,-3.46,-2.9,-2689.43
2014-09-06,-0.85000000000002,3.84,4.07,2.64,-5078.82
2014-09-05,2.48,-7.17,-7.18,-5.86,-12848.72
2014-09-04,3.27,8.12,8.2,7.71,19444.28
2014-09-03,3.79,3.83,2.84,3.1199999999999,-16177.59
2014-09-02,-1.14,-1.91,-0.67000000000002,-1.42,3304.99
2014-09-01,-11.21,1.39,0.38,0.57999999999998,-50733.71
2014-08-31,-14.28,-20.7,-20.46,-20.37,60849.45
2014-08-30,-3.29,-7.82,-7.95,-7.28,-5421.93
2014-08-29,-3.6,1.33,1.37,0.64999999999998,-2203.61
2014-08-28,-3.5699999999999,-7.64,-7.21,-6.41,-1522.23
2014-08-27,7.27,5.4300000000001,5.1,4.95,-3001.9
2014-08-26,3.71,5.83,5.76,4.15,4199.47
2014-08-25,0.44,-7.21,-6.42,-5.63,1384.63
2014-08-24,-2.58,11.81,11.42,10.96,-5975.18
2014-08-23,-7.48,-18.18,-18.4,-17.75,-14983.11
2014-08-22,-5.72,-5.64,-5.59,-3.6899999999999,-6537.44
2014-08-21,32.99,13.87,13.25,12.65,2026.46
2014-08-20,15.88,29.07,29.87,28.92,5012.73
2014-08-19,-4.27,27.62,27.81,26.58,-29896.7
2014-08-18,-30.94,-37.03,-37.87,-37.4,47261.26
2014-08-17,6.17,-28.91,-27.93,-27.7,-1991.77
2014-08-16,-6.47,21.75,21.01,20.86,-9264.39
2014-08-15,-13.26,-8.61,-8.6799999999999,-8.89,-22165.63
2014-08-14,-34.32,-38.03,-37.67,-38.43,22095.66
2014-08-13,-17.47,-25.78,-26.01,-24.71,17493.73
2014-08-12,-14.74,-6.16,-5.77,-5.77,761.21
2014-08-11,-4.54,-14.74,-14.69,-14.83,9676.95
2014-08-10,1.02,0.26999999999998,-0.13,-0.5,-1375.24
2014-08-09,-2.17,-3.89,-3.5200000000001,-3.16,-2555.77
2014-08-08,6.15,3.67,3.2700000000001,5.04,-3637.03
2014-08-07,-0.97000000000003,4.7900000000001,4.74,2.87,3115.39
2014-08-06,0.35000000000002,-2.5,-2.72,-2.02,1449.01
2014-08-04,-5.15,-6.6800000000001,-6.12,-4.39,-8637.03
2014-08-02,19.68,8.2,8.5,6.5699999999999,-6320.97
2014-07-31,-7.14,22.86,22.91,20.61,8719.22
2014-07-30,-5.17,-21.92,-22.09,-21.1,4345.03
2014-07-29,1.45,-0.91999999999996,-1.17,-0.67999999999995,-10976.36
2014-07-28,-12.37,-8.3099999999999,-8.51,-7.87,14486.35
2014-07-27,-2.0500000000001,-1.09,-1.49,-1.6900000000001,-3259.12
2014-07-26,-3.6999999999999,-5.67,-4.97,-5.3299999999999,-504.2
2014-07-25,-9.8200000000001,2.78,2.1900000000001,1.7199999999999,-10162.74
2014-07-24,-11.58,-21.9,-21.26,-19.65,9779.04
2014-07-23,-0.76999999999998,-1.4300000000001,-1.25,-3.0599999999999,921.68
2014-07-22,1.89,-0.12,-0.21000000000004,0.44999999999993,-2614.5
2014-07-21,-6.8,-2.11,-1.72,-2.74,6024.28
2014-07-20,-0.28999999999996,-6.6999999999999,-7.02,-6.1999999999999,-1285.22
2014-07-19,0.81999999999994,2.25,2.15,3.26,-5893.2
2014-07-18,8.1800000000001,4.0,3.5500000000001,4.8099999999999,-3697.82
2014-07-17,-1.08,7.2199999999999,7.24,5.86,3581.13
2014-07-16,-3.28,-6.1799999999999,-5.2700000000001,-5.23,2272.7
2014-07-15,0.16999999999996,1.3099999999999,0.72000000000003,0.47000000000003,-491.02
2014-07-14,-8.0699999999999,-7.0699999999999,-7.0899999999999,-7.04,1902.12
2014-07-13,-1.8100000000001,-4.96,-5.71,-5.7,-1791.14
2014-07-12,10.68,1.61,2.88,1.97,-3047.18
2014-07-11,2.54,14.4,14.24,14.63,-1772.02
2014-07-10,-5.4,-7.9,-8.4200000000001,-7.74,6698.08
2014-07-09,1.8199999999999,-0.81999999999994,-0.21999999999991,-0.63999999999999,-53.709999999999
2014-07-08,-5.3099999999999,4.3499999999999,4.38,4.0,-8545.23
2014-07-07,-5.1900000000001,-11.31,-11.8,-11.06,8233.78
2014-07-06,3.95,4.89,5.1900000000001,4.88,1143.08
2014-07-05,-8.66,-1.4,-0.67000000000007,-1.2900000000001,-11429.8
2014-07-04,-6.6800000000001,-11.24,-11.82,-11.65,3771.49
2014-07-03,-0.26999999999998,-6.17,-6.5600000000001,-5.7,-7521.52
2014-07-02,-3.01,-0.030000000000086,0.62,-0.66999999999996,-15631.1
2014-07-01,32.14,8.36,8.1400000000001,9.01,-14063.53
2014-06-30,21.08,44.06,43.47,43.8,46220.36
2014-06-29,-1.3100000000001,-3.5600000000001,-2.38,-3.98,-12423.61
2014-06-28,13.73,14.36,13.47,16.54,-2919.03
2014-06-27,12.54,10.16,9.96,8.74,4307.26
2014-06-26,-1.7099999999999,9.6,9.8499999999999,10.08,-11544.58
2014-06-25,-18.92,-23.45,-23.79,-23.94,15956.54
2014-06-24,-1.4,-2.5400000000001,-1.47,-2.39,-2905.11
2014-06-23,-7.5700000000001,-9.4499999999999,-10.1,-10.35,2999.08
2014-06-22,7.6,5.62,5.9399999999999,6.66,1938.81
2014-06-21,-1.17,0.18999999999994,0.51999999999998,0.21000000000004,-14342.96
2014-06-20,-12.38,-3.35,-4.39,-4.14,8946.69
2014-06-19,-2.86,-9.13,-9.4399999999999,-9.1899999999999,-7246.96
2014-06-18,11.52,-2.5599999999999,-1.6900000000001,-3.1500000000001,2568.84
2014-06-17,2.51,12.64,12.26,14.06,-22382.75
2014-06-16,30.36,23.94,25.47,25.03,15924.28
2014-06-15,-14.21,9.2,8.67,7.2,-22639.17
2014-06-14,-17.63,-33.07,-32.9,-32.98,-23424.81
2014-06-13,-31.24,6.72,6.83,8.22,24746.92
2014-06-12,-18.58,-40.81,-41.5,-40.86,23052.6
2014-06-11,-5.97,-21.8,-22.21,-22.79,6166.17
2014-06-10,2.13,5.76,5.89,4.5500000000001,-984.38
2014-06-09,-5.42,-8.52,-9.26,-8.0,12093.77
2014-06-08,3.3399999999999,-0.079999999999927,0.40999999999997,1.3399999999999,-9346.83
2014-06-07,-3.91,1.67,1.35,0.74000000000001,-1078.53
2014-06-06,6.1,-6.27,-4.64,-6.5799999999999,-11706.77
2014-06-05,6.99,16.64,15.12,16.13,-12696.98
2014-06-04,2.37,-0.98000000000002,0.76999999999998,1.03,-8941.16
2014-06-01,25.36,24.8,24.32,24.96,35387.15
2014-05-31,20.26,-1.5699999999999,-2.4400000000001,-1.9200000000001,-18982.13
2014-05-30,27.15,52.46,52.47,52.07,10679.2
2014-05-29,-3.42,-2.26,-1.91,-2.3200000000001,780.47
2014-05-28,-2.5400000000001,-3.72,-4.8200000000001,-4.5699999999999,-27352.19
2014-05-27,-4.3499999999999,-6.28,-5.5799999999999,-5.75,10753.62
2014-05-26,22.81,12.56,12.65,13.56,-25436.48
2014-05-25,35.58,44.76,44.64,43.83,49213.04
2014-05-24,-7.33,-1.79,-1.5600000000001,-1.3100000000001,-35667.25
2014-05-23,21.83,2.1799999999999,2.1600000000001,2.0600000000001,6943.46
2014-05-22,15.02,31.85,31.59,31.47,22470.83
2014-05-21,29.65,7.63,8.01,8.39,-44428.13
2014-05-20,16.73,38.85,37.87,38.15,57762.31
2014-05-19,-1.13,0.33999999999997,0.38,-0.050000000000011,6258.63
2014-05-18,-2.66,-1.97,-1.57,-2.57,-43.74
2014-05-17,1.15,-1.5700000000001,-1.44,-0.75999999999999,-5262.69
2014-05-16,0.35999999999996,1.1900000000001,1.06,1.0,-3654.21
2014-05-15,3.48,0.19,-0.47000000000003,0.57999999999998,-1523.03
2014-05-14,3.79,7.17,7.9,6.1,1602.37
2014-05-13,0.77999999999997,-1.54,-1.61,-0.13,741.08
2014-05-12,-7.55,4.11,3.63,2.57,-13685.2
2014-05-11,-4.73,-15.95,-15.83,-15.56,17530.42
2014-05-10,8.86,12.89,13.56,13.56,-8729.85
2014-05-08,7.18,-3.16,-3.86,-3.33,-15339.23
2014-05-07,5.82,14.02,15.03,14.62,9943.9
2014-05-06,-3.41,-2.26,-3.4,-3.9,3315.44
2014-05-05,-2.34,-3.68,-3.25,-2.8,9265.19
2014-05-04,-7.17,-3.13,-3.23,-3.42,-9637.15
2014-05-03,-7.96,-8.98,-8.86,-9.34,2272.75
2014-05-02,-3.26,-10.72,-9.81,-9.19,-6078.28
2014-05-01,7.86,10.27,9.62,9.71,-1415.44
2014-04-30,1.62,2.7,2.29,3.03,-4962.6
2014-04-29,7.6,-0.089999999999975,0.25,-0.98000000000002,-14217.07
2014-04-28,-17.36,1.04,0.66000000000003,1.44,26316.46
2014-04-27,-3.14,-13.65,-13.4,-13.52,-3811.82
2014-04-26,-10.2,-3.27,-3.3,-3.45,-60715.21
2014-04-25,-21.98,-34.78,-34.88,-34.22,65919.0
2014-04-24,0.14999999999998,5.65,5.52,4.57,1141.84
2014-04-23,-4.71,2.77,3.8,2.8,-3743.89
2014-04-22,-6.21,-6.59,-7.61,-6.74,-4310.52
2014-04-21,-2.15,-1.66,-0.70000000000005,-0.63999999999999,6910.4
2014-04-20,10.62,-6.57,-7.34,-6.99,-13828.22
2014-04-19,5.66,,,,-1445.85
2014-04-18,-19.41,,,,-25949.54
2014-04-17,-10.66,-31.94,-31.15,-30.18,-30588.09
2014-04-16,28.64,40.34,39.86,40.71,6963.2
2014-04-15,41.26,,,,-12609.27
2014-04-14,30.18,,,,46630.37
2014-04-13,-9.38,,,,7780.87
2014-04-12,21.77,,,,-91590.66
2014-04-11,-5.23,,,,-3843.31
2014-04-10,-40.94,,,,111945.92
2014-04-09,-3.01,,,,4986.03
2014-04-08,-2.07,,,,-10542.76
2014-04-07,-6.32,,,,12162.43
2014-04-06,7.54,,,,-5542.99
2014-04-05,8.38,,,,-17084.43
2014-04-04,9.74,,,,-35512.59
2014-04-03,-32.11,,,,-22204.31
2014-04-02,-9.83,,,,33696.76
2014-04-01,18.78,,,,3480.24
2014-03-31,-13.0,,,,-20872.28
2014-03-30,-28.98,,,,64342.5
2014-03-29,-2.94,,,,-75265.65
2014-03-28,-40.81,,,,-17537.79
2014-03-27,-37.7,,,,86664.75
2014-03-26,2.84,,,,3704.98
2014-03-25,13.95,,,,-11366.78
2014-03-24,-0.49000000000001,,,,16765.79
2014-03-23,0.57000000000005,,,,-11506.89
2014-03-22,-18.89,,,,-28100.25
2014-03-21,-5.9000000000001,,,,24696.45
2014-03-20,-22.29,,,,11854.46
2014-03-19,-3.28,,,,-15000.47
2014-03-18,-8.52,,,,13484.2
2014-03-17,-7.72,,,,9597.33
2014-03-16,-4.96,,,,1562.71
2014-03-15,7.63,,,,-12142.74
2014-03-14,-9.2099999999999,,,,909.73
2014-03-13,5.4499999999999,,,,-11591.62
2014-03-12,-1.25,,,,11065.55
2014-03-11,6.45,,,,-14187.85
2014-03-10,-12.29,,,,8513.98
2014-03-09,19.83,,,,-5999.97
2014-03-08,-9.74,,,,-24021.12
2014-03-07,-33.23,,,,29908.77
2014-03-06,-2.64,,,,-9395.9
2014-03-05,-3.0699999999999,,,,-49139.02
2014-03-04,3.8099999999999,,,,-60973.76
2014-03-03,109.41,,,,129653.07
2014-03-02,-11.55,,,,-18686.76
2014-03-01,16.15,,,,-18259.9
2014-02-28,-30.92,,,,6946.48
2014-02-27,-3.23,,,,-66346.5
2014-02-26,50.16,,,,-126749.37
2014-02-25,-12.64,,,,130801.43
2014-02-24,-61.32,,,,54332.45
2014-02-23,9.03,,,,242.97
2014-02-22,27.19,,,,-30357.63
2014-02-21,11.08,,,,-2250.83
2014-02-20,-61.86,,,,62315.24
2014-02-19,-1.75,,,,-9801.71
2014-02-18,-1.78,,,,-18920.03
2014-02-17,10.29,,,,-14121.29
2014-02-16,-35.69,,,,24199.09
2014-02-15,-10.42,,,,-113631.67
2014-02-14,49.57,,,,90298.72
2014-02-13,-41.68,,,,25408.14
2014-02-12,-12.03,,,,-69127.24
2014-02-11,-10.3,,,,-58301.76
2014-02-10,-5.47,,,,108764.77
2014-02-09,11.9,,,,1914.33
2014-02-08,-47.5,,,,-105792.59
2014-02-07,-62.48,,,,97350.73
2014-02-06,-38.95,,,,36184.77
2014-02-05,-8.73,,,,7735.99
2014-02-04,4.53,,,,3099.19
2014-02-03,-1.74,,,,3284.57
2014-02-02,-10.69,,,,-9951.76
2014-02-01,7.3,,,,3028.11
2014-01-31,10.72,,,,-15937.22
2014-01-30,-8.52,,,,15065.42
2014-01-29,9.6899999999999,,,,-33826.48
2014-01-28,49.92,,,,-8799.57
2014-01-27,-116.6,,,,27737.24
2014-01-26,32.0,,,,7093.35
2014-01-25,53.67,,,,-14590.23
2014-01-24,-24.46,,,,24909.3
2014-01-23,-23.66,,,,-2923.77
2014-01-22,-21.28,,,,456.32
2014-01-21,-8.29,,,,-10151.74
2014-01-20,13.56,,,,3348.76
2014-01-19,22.65,,,,6808.68
2014-01-18,25.88,,,,-26478.06
2014-01-17,-24.9,,,,24881.87
2014-01-16,-23.86,,,,-9646.9
2014-01-15,26.29,,,,7664.3
2014-01-14,-9.2,,,,-29158.95
2014-01-13,10.86,,,,9557.12
2014-01-12,-31.84,,,,4880.88
2014-01-11,-46.65,,,,-14822.91
2014-01-10,75.57,,,,-8085.03
2014-01-09,-2.58,,,,8832.93
2014-01-08,-19.87,,,,-74335.73
2014-01-07,-62.26,,,,52649.75
2014-01-06,-63.93,,,,-20571.16
2014-01-05,117.89,,,,47644.4
2014-01-04,45.8,,,,12393.13
2014-01-03,-0.89999999999998,,,,-25517.65
2014-01-02,50.36,,,,42220.43
2014-01-01,8.26,,,,-17027.68
2013-12-31,15.78,,,,9899.27
2013-12-30,-2.08,,,,-4374.76
2013-12-29,28.19,,,,-7058.1
2013-12-28,-12.02,,,,-12117.4
2013-12-27,-17.98,,,,-34734.01
2013-12-26,32.79,,,,43265.68
2013-12-25,46.7,,,,8224.51
2013-12-24,6.77,,,,-11766.9
2013-12-23,25.27,,,,-1909.96
2013-12-22,-14.39,,,,-19771.32
2013-12-21,36.38,,,,-45473.31
2013-12-20,-81.66,,,,-47778.25
2013-12-19,86.76,,,,-141197.6
2013-12-18,103.39,,,,65834.03
2013-12-17,-195.97,,,,-9472.82
2013-12-16,-133.59,,,,205313.41
2013-12-15,3.8399999999999,,,,-367.66
2013-12-14,-41.74,,,,-1400.22
2013-12-13,-52.91,,,,-8579.48
2013-12-12,58.42,,,,-22553.38
2013-12-11,-64.94,,,,-6083.09
2013-12-10,15.29,,,,7721.18
2013-12-09,24.96,,,,-53517.24
2013-12-08,123.58,,,,-54574.97
2013-12-07,118.69,,,,-124362.87
2013-12-06,-367.63,,,,142979.0
2013-12-05,22.71,,,,59011.22
2013-12-04,-99.38,,,,55545.64
2013-12-03,51.08,,,,-35354.65
2013-12-02,28.01,,,,-118752.16
2013-12-01,-55.21,,,,126788.03
2013-11-30,-57.1,,,,76.759999999995
2013-11-29,59.43,,,,-51168.67
2013-11-28,94.32,,,,14391.73
2013-11-27,64.56,,,,9222.08
2013-11-26,80.57,,,,16172.96
2013-11-25,40.05,,,,30969.07
2013-11-24,48.44,,,,-34439.7
2013-11-23,-80.86,,,,-401.75999999999
2013-11-22,118.7,,,,-26346.92
2013-11-21,65.82,,,,-59457.45
2013-11-20,146.55,,,,-73349.11
2013-11-19,-191.07,,,,-9256.0
2013-11-18,137.49,,,,120736.06
2013-11-17,78.48,,,,74219.63
2013-11-16,38.09,,,,-31955.69
2013-11-15,10.92,,,,26005.99
2013-11-14,4.09,,,,-59725.2
2013-11-13,45.78,,,,57997.66
2013-11-12,16.24,,,,3292.54
2013-11-11,23.36,,,,-46202.08
2013-11-10,5.47,,,,-79993.95
2013-11-09,-20.69,,,,53366.64
2013-11-08,33.78,,,,-16624.06
2013-11-07,25.03,,,,8164.48
2013-11-06,32.27,,,,102.12
2013-11-05,24.66,,,,67075.82
2013-11-04,15.16,,,,38577.46
2013-11-03,9.79,,,,28071.06
2013-11-02,-0.88999999999999,,,,-1642.28
2013-11-01,2.78,,,,-8580.09
2013-10-31,3.15,,,,-17724.89
2013-10-30,-1.65,,,,-1131.9
2013-10-29,2.37,,,,14008.24
2013-10-28,6.55,,,,-6653.1
2013-10-26,17.23,,,,-22769.73
2013-10-25,-4.81,,,,-51510.08
2013-10-24,-13.52,,,,-84464.11
2013-10-23,-14.83,,,,109686.11
2013-10-22,18.12,,,,-8028.11
2013-10-21,8.93,,,,23784.21
2013-10-20,9.67,,,,44509.7
2013-10-19,3.87,,,,-90869.16
2013-10-18,13.85,,,,40456.16
2013-10-17,9.1,,,,12002.88
2013-10-16,2.27,,,,-40843.74
2013-10-15,-0.83000000000001,,,,60564.02
2013-10-14,4.96,,,,-32288.14
2013-10-13,2.43,,,,45086.64
2013-10-12,1.96,,,,8886.18
2013-10-11,4.74,,,,-1222.35
2013-10-10,0.47999999999999,,,,-11978.73
2013-10-09,-1.09,,,,-10803.85
2013-10-08,5.08,,,,16852.11
2013-10-07,-2.2,,,,9451.98
2013-10-06,-0.38,,,,8603.58
2013-10-05,-0.060000000000002,,,,-762.12
2013-10-04,-0.79999999999998,,,,-28661.42
2013-10-03,9.29,,,,-187449.88
2013-10-02,-12.97,,,,204195.31
2013-10-01,-0.85999999999999,,,,-5795.61
2013-09-30,-0.20000000000002,,,,6508.1
2013-09-29,-4.48,,,,-4707.83
2013-09-28,5.25,,,,-6668.42
2013-09-27,1.87,,,,-656.3
2013-09-26,2.7,,,,17508.17
2013-09-25,0.56999999999999,,,,-11100.98
2013-09-24,1.87,,,,10073.67
2013-09-23,-1.75,,,,6929.93
2013-09-22,-0.49000000000001,,,,-789.73
2013-09-21,0.31,,,,-11432.33
2013-09-20,-0.38,,,,-18712.6
2013-09-19,-2.59,,,,14851.56
2013-09-18,-0.87,,,,3937.25
2013-09-16,0.75,,,,546.34
2013-09-15,0.80000000000001,,,,6138.49
2013-09-14,1.39,,,,-4860.51
2013-09-13,-6.38,,,,-17361.49
2013-09-12,0.99000000000001,,,,-12359.41
2013-09-11,3.84,,,,-2486.54
2013-09-10,3.75,,,,27802.79
2013-09-09,0.34999999999999,,,,-31867.68
2013-09-08,5.84,,,,42960.02
2013-09-07,-3.47,,,,-19115.29
2013-09-06,3.87,,,,-11415.41
2013-09-05,-8.94,,,,-40618.07
2013-09-04,-4.76,,,,65973.64
2013-09-03,-2.37,,,,-3365.03
2013-09-02,-1.15,,,,-1865.95
2013-09-01,1.27,,,,-31093.43
2013-08-31,4.82,,,,-11700.23
2013-08-30,9.05,,,,48596.71
2013-08-29,-0.88999999999999,,,,-5950.23
2013-08-28,-0.72000000000001,,,,-52985.57
2013-08-27,8.51,,,,53851.28
2013-08-26,0.84,,,,3994.74
2013-08-25,0.17,,,,5301.52
2013-08-24,0.2,,,,-16568.63
2013-08-23,-1.38,,,,2758.54
2013-08-22,0.5,,,,-30747.32
2013-08-21,1.06,,,,22052.09
2013-08-20,1.23,,,,-39184.53
2013-08-19,3.86,,,,62969.75
2013-08-18,1.89,,,,-5698.48
2013-08-17,3.17,,,,-4774.71
2013-08-16,-1.29,,,,-3071.21
2013-08-15,-2.93,,,,-45562.32
2013-08-14,6.0,,,,39449.15
2013-08-13,0.16999999999999,,,,3909.96
2013-08-12,1.67,,,,16601.95
2013-08-11,3.38,,,,3607.66
2013-08-10,-0.52000000000001,,,,-16209.68
2013-08-09,-1.72,,,,-18217.51
2013-08-08,-1.59,,,,26617.2
2013-08-07,-1.29,,,,-7733.92
2013-08-06,0.2,,,,-4016.02
2013-08-05,1.12,,,,17592.06
2013-08-04,0.55000000000001,,,,-3689.73
2013-08-03,-1.09,,,,-31850.54
2013-08-02,-0.13,,,,21358.26
2013-08-01,-3.02,,,,-44353.57
2013-07-31,4.33,,,,26448.58
2013-07-30,2.65,,,,4265.97
2013-07-29,0.66,,,,-14291.44
2013-07-28,4.12,,,,32533.31
2013-07-27,-0.41,,,,-110.14
2013-07-26,-0.27000000000001,,,,-15221.64
2013-07-25,2.33,,,,10102.29
2013-07-24,0.16999999999999,,,,-15134.97
2013-07-23,2.57,,,,22534.18
2013-07-22,0.55,,,,5183.33
2013-07-21,-1.31,,,,-2157.97
2013-07-20,-0.56,,,,-23337.59
2013-07-19,1.34,,,,-48744.74
2013-07-18,-7.01,,,,60083.41
2013-07-17,0.11999999999999,,,,-1481.4
2013-07-16,-1.31,,,,-23320.54
2013-07-15,2.54,,,,32448.02
2013-07-14,2.17,,,,-26489.22
2013-07-13,-3.27,,,,-101322.77
2013-07-12,8.66,,,,87944.03
2013-07-11,5.32,,,,-36538.28
2013-07-10,6.6,,,,41548.95
2013-07-09,-1.51,,,,-31915.1
2013-07-08,5.74,,,,31455.41
2013-07-07,1.21,,,,-10586.22
2013-07-06,-1.77,,,,-75172.65
2013-07-05,-7.08,,,,41996.74
2013-07-04,-4.85,,,,-4738.37
2013-07-03,-5.38,,,,57533.05
2013-07-02,-0.90000000000001,,,,-39797.93
2013-07-01,-5.23,,,,72192.25
2013-06-30,-0.81999999999999,,,,-19557.18
2013-06-29,0.019999999999996,,,,-39334.78
2013-06-28,-5.53,,,,50941.56
2013-06-27,-1.68,,,,2366.82
2013-06-26,-1.38,,,,-84776.47
2013-06-25,2.3,,,,58605.42
2013-06-24,-3.58,,,,28033.56
2013-06-23,-0.089999999999989,,,,1641.05
2013-06-22,-3.11,,,,-41229.69
2013-06-21,-1.91,,,,527.98
2013-06-20,3.09,,,,29188.84
2013-06-19,0.079999999999998,,,,-51756.9
2013-06-18,6.15,,,,56871.25
2013-06-17,0.8,,,,8582.9
2013-06-16,-0.45999999999999,,,,-15963.07
2013-06-15,-0.16000000000001,,,,-22400.56
2013-06-14,-4.54,,,,8064.61
2013-06-13,-3.77,,,,14335.83
2013-06-12,2.02,,,,4400.08
2013-06-11,2.15,,,,-60102.69
2013-06-10,6.68,,,,-111765.79
2013-06-09,-11.07,,,,169789.3
2013-06-08,-3.28,,,,-65355.57
2013-06-07,-7.38,,,,63423.96
2013-06-06,-1.38,,,,4570.72
2013-06-05,0.20999999999999,,,,-8910.26
2013-06-04,1.78,,,,-9457.48
2013-06-03,-2.82,,,,-81155.74
2013-06-02,-6.16,,,,112661.31
2013-06-01,0.14999999999999,,,,-12823.17
2013-05-31,-1.16,,,,-13572.94
2013-05-30,-0.25999999999999,,,,5515.86
2013-05-29,2.19,,,,-6.5400000000009
2013-05-28,-1.76,,,,-26848.54
2013-05-27,-4.02,,,,28881.96
2013-05-26,3.06,,,,5040.3
2013-05-25,1.1,,,,-43625.57
2013-05-24,5.25,,,,33490.24
2013-05-23,2.59,,,,5650.84
2013-05-22,0.89999999999999,,,,8691.27
2013-05-21,-0.41,,,,-3414.24
2013-05-20,0.39,,,,-4170.05
2013-05-19,-1.88,,,,-998.57
2013-05-18,2.06,,,,-67588.63
2013-05-17,5.67,,,,40130.38
2013-05-16,4.63,,,,-84546.39
2013-05-15,-4.73,,,,34024.12
2013-05-14,-2.01,,,,73323.2
2013-05-13,2.09,,,,7144.74
2013-05-12,-0.98999999999999,,,,-8730.89
2013-05-11,-2.06,,,,-60680.09
2013-05-10,6.15,,,,58786.04
2013-05-09,-1.79,,,,-39929.08
2013-05-08,6.31,,,,-93994.05
2013-05-07,-10.4,,,,-12111.95
2013-05-06,3.55,,,,80975.61
2013-05-05,6.84,,,,-67911.58
2013-05-04,15.29,,,,-135650.33
2013-05-03,-15.3,,,,18471.16
2013-05-02,-14.22,,,,62450.62
2013-05-01,-18.11,,,,142399.12
2013-04-30,-2.05,,,,-8476.61
2013-04-29,8.73,,,,53636.81
2013-04-28,1.8,,,,-37481.53
2013-04-27,-1.25,,,,-80981.5
2013-04-26,-10.86,,,,-69534.7
2013-04-25,-7.8,,,,-49403.75
2013-04-24,17.56,,,,131407.65
2013-04-23,10.9,,,,68863.61
2013-04-22,2.66,,,,-61419.38
2013-04-21,-3.61,,,,44775.32
2013-04-20,4.44,,,,-223539.84
2013-04-19,21.68,,,,106275.69
2013-04-18,11.93,,,,-187613.76
2013-04-17,19.46,,,,-272162.72
2013-04-16,-21.52,,,,381627.06
2013-04-15,-10.28,,,,99879.11
2013-04-14,-11.36,,,,-100859.08
2013-04-13,23.96,,,,-371447.42
2013-04-12,-47.36,,,,440463.33
2013-04-11,-49.71,,,,-38657.61
2013-04-10,-32.06,,,,130212.24
2013-04-09,33.33,,,,-12102.33
2013-04-08,27.6,,,,62903.51
2013-04-07,12.15,,,,49039.31
2013-04-06,2.21,,,,-56424.08
2013-04-05,7.36,,,,-18473.47
2013-04-04,3.21,,,,-84326.84
2013-04-03,20.6,,,,87768.01
2013-04-02,7.73,,,,-8005.28
2013-04-01,6.94,,,,82197.36
2013-03-31,1.04,,,,-16822.41
2013-03-30,2.74,,,,-51142.04
2013-03-29,1.32,,,,-67416.89
2013-03-28,2.63,,,,76754.14
2013-03-27,7.63,,,,16187.9
2013-03-26,3.21,,,,-24478.49
2013-03-25,5.4,,,,42917.62
2013-03-24,6.12,,,,-119309.9
2013-03-23,-7.95,,,,84664.11
2013-03-22,1.56,,,,-28502.66
2013-03-21,7.04,,,,6285.29
2013-03-20,6.72,,,,-24042.36
2013-03-19,6.5,,,,52572.43
2013-03-18,1.78,,,,59226.01
2013-03-17,0.33,,,,-1631.32
2013-03-16,-0.16,,,,-4326.48
2013-03-15,-0.4,,,,-19836.92
2013-03-14,0.92,,,,-14158.75
2013-03-13,2.51,,,,-143326.1
2013-03-12,-3.76,,,,152667.92
2013-03-11,0.72,,,,8387.46
2013-03-10,1.41,,,,-9922.13
2013-03-09,2.2,,,,-2722.62
2013-03-08,2.21,,,,-125729.52
2013-03-07,-4.31,,,,36851.96
2013-03-06,5.9,,,,46180.37
2013-03-05,3.99,,,,38224.12
2013-03-04,1.28,,,,42416.58
2013-03-03,0.15,,,,-25000.0
2013-03-02,-0.33,,,,-5577.67
2013-03-01,1.52,,,,-92760.18
2013-02-28,1.59,,,,100238.43
2013-02-27,0.13,,,,-11598.26
2013-02-26,0.91,,,,19832.34
2013-02-25,0.29,,,,3034.53
2013-02-24,0.78,,,,-53582.01
2013-02-23,-1.47,,,,3821.6
2013-02-22,0.76,,,,36225.73
2013-02-21,0.21,,,,-2455.91
2013-02-20,1.29,,,,-70138.02
2013-02-19,1.45,,,,78317.76
2013-02-18,0.35,,,,-52713.05
2013-02-17,-0.69,,,,62602.41
2013-02-16,0.12,,,,-33959.4
2013-02-15,1.54,,,,-103821.3
2013-02-14,-0.059999999999999,,,,64609.68
2013-02-13,0.41,,,,10850.52
2013-02-12,1.02,,,,50906.13
2013-02-11,0.63,,,,-24840.64
2013-02-10,0.22,,,,18418.15
2013-02-09,0.79,,,,-10839.39
2013-02-08,0.85,,,,-20688.79
2013-02-07,0.51,,,,14216.52
2013-02-06,0.51,,,,25833.82
2013-02-05,0.12,,,,-24880.02
2013-02-04,0.19,,,,19072.72
2013-02-03,0.74,,,,-48774.53
2013-02-02,-1.22,,,,32195.45
2013-02-01,0.17,,,,-53822.04
2013-01-31,1.1,,,,59253.81
2013-01-30,0.29,,,,-47814.31
2013-01-29,0.85,,,,32621.01
2013-01-28,0.72,,,,35973.54
2013-01-27,0.44,,,,-9078.37
2013-01-26,0.44,,,,-50097.1
2013-01-25,-1.08,,,,-107183.31
2013-01-24,0.57,,,,138358.63
2013-01-23,0.07,,,,-10324.3
2013-01-22,0.78,,,,-6727.55
2013-01-21,0.68,,,,44809.16
2013-01-20,0.22,,,,-7165.05
2013-01-19,-0.19,,,,-28365.9
2013-01-18,0.5,,,,-8008.84
2013-01-17,0.65,,,,20051.32
2013-01-16,0.3,,,,-4816.05
2013-01-15,0.0,,,,30369.84
2013-01-14,0.1,,,,-12986.85
2013-01-13,-0.06,,,,11142.07
2013-01-12,0.050000000000001,,,,-14319.5
2013-01-11,0.08,,,,-15683.95
2013-01-10,0.33,,,,24869.47
2013-01-09,0.029999999999999,,,,-16974.32
2013-01-08,0.22,,,,19731.22
2013-01-07,0.02,,,,18201.94
2013-01-06,0.039999999999999,,,,-12942.94
2013-01-05,0.0,,,,-7001.58
2013-01-04,0.06,,,,11537.45
2013-01-03,0.030000000000001,,,,2321.42
2013-01-02,-0.020000000000001,,,,-11541.48
2013-01-01,-0.13,,,,13957.09
2012-12-31,0.029999999999999,,,,4039.79
2012-12-30,-0.06,,,,-13951.55
2012-12-29,0.09,,,,-3135.84
2012-12-28,0.06,,,,6388.17
2012-12-27,0.02,,,,5550.18
2012-12-26,0.010000000000002,,,,3364.1
2012-12-25,-0.050000000000001,,,,-3920.35
2012-12-24,0.13,,,,-6286.76
2012-12-23,-0.15,,,,7275.75
2012-12-22,-0.09,,,,-12491.78
2012-12-21,0.0,,,,-10037.24
2012-12-20,0.11,,,,-6889.42
2012-12-19,0.14,,,,18427.84
2012-12-18,0.02,,,,-43487.61
2012-12-17,-0.17,,,,26760.3
2012-12-16,-0.16,,,,28749.22
2012-12-15,-0.06,,,,-60368.97
2012-12-14,-0.049999999999999,,,,46833.45
2012-12-13,0.049999999999999,,,,-12714.1
2012-12-12,0.1,,,,11523.65
2012-12-11,0.11,,,,-2368.12
2012-12-10,0.14,,,,3357.46
2012-12-09,-0.21,,,,16243.26
2012-12-08,0.11,,,,-27140.75
2012-12-07,-0.049999999999999,,,,-11599.7
2012-12-06,0.12,,,,17872.91
2012-12-05,0.27,,,,-36286.04
2012-12-04,0.46,,,,36709.87
2012-12-03,0.0099999999999998,,,,17934.65
2012-12-02,-0.02,,,,-1319.54
2012-12-01,0.02,,,,-11050.13
2012-11-30,0.12,,,,-3305.94
2012-11-29,0.14,,,,-4164.12
2012-11-28,0.18,,,,-5137.81
2012-11-27,-0.27,,,,176.77
2012-11-26,-0.12,,,,15162.75
2012-11-25,0.12,,,,4892.58
2012-11-24,0.09,,,,-1166.7
2012-11-23,0.22,,,,-49370.4
2012-11-22,0.34,,,,47922.84
2012-11-21,0.0099999999999998,,,,-6825.18
2012-11-20,0.0099999999999998,,,,-2633.17
2012-11-19,-0.0099999999999998,,,,15359.97
2012-11-18,0.039999999999999,,,,-3858.83
2012-11-17,0.2,,,,-48248.29
2012-11-16,0.4,,,,33468.0
2012-11-15,0.11,,,,10168.41
2012-11-14,-0.02,,,,5194.07
2012-11-13,0.02,,,,-25399.56
2012-11-12,0.21,,,,30223.8
2012-11-11,-0.11,,,,1942.02
2012-11-10,0.02,,,,-4094.84
2012-11-09,-0.039999999999999,,,,-13431.23
2012-11-08,-0.07,,,,-6179.25
2012-11-07,0.16,,,,5440.09
2012-11-06,0.13,,,,-342.21
2012-11-05,0.08,,,,9136.64
2012-11-04,0.07,,,,1568.03
2012-11-03,-0.059999999999999,,,,-8808.8
2012-11-02,-0.38,,,,-23040.2
2012-11-01,-0.07,,,,9013.25
2012-10-31,0.29,,,,13139.54
2012-10-30,0.09,,,,-11638.27
2012-10-29,0.08,,,,19162.96
2012-10-28,0.18,,,,-25797.35
2012-10-27,0.07,,,,-55257.83
2012-10-26,-0.74,,,,13781.0
2012-10-25,-0.6,,,,65718.57
2012-10-24,-0.07,,,,-34791.77
2012-10-23,0.039999999999999,,,,17582.97
2012-10-22,0.040000000000001,,,,31079.67
2012-10-21,-0.08,,,,-12143.79
2012-10-20,-0.040000000000001,,,,-10045.58
2012-10-19,-0.12,,,,10111.26
2012-10-18,0.02,,,,-3567.62
2012-10-17,0.050000000000001,,,,-15020.01
2012-10-16,0.1,,,,10745.59
2012-10-15,-0.14,,,,7794.42
2012-10-14,-0.06,,,,7464.24
2012-10-13,-0.15,,,,-6564.0
2012-10-12,0.029999999999999,,,,-300.42
2012-10-11,-0.0099999999999998,,,,-9325.27
2012-10-10,0.039999999999999,,,,-17154.75
2012-10-09,0.72,,,,-53626.6
2012-10-08,-0.76,,,,35570.05
2012-10-07,-0.55,,,,41961.44
2012-10-06,-0.12,,,,-11227.57
2012-10-05,-0.16,,,,-6581.75
2012-10-04,0.09,,,,-773.00999999999
2012-10-03,0.19,,,,-18821.44
2012-10-02,0.28,,,,29906.7
2012-10-01,-0.07,,,,25881.99
2012-09-30,-0.0099999999999998,,,,-11378.33
2012-09-29,0.059999999999999,,,,-12094.32
2012-09-28,0.030000000000001,,,,7110.05
2012-09-27,0.08,,,,-2886.66
2012-09-26,0.13,,,,1664.82
2012-09-25,0.0,,,,-8321.43
2012-09-24,0.07,,,,-8193.01
2012-09-23,-0.21,,,,26203.06
2012-09-22,-0.06,,,,-22748.9
2012-09-21,-0.21,,,,3082.43
2012-09-20,0.08,,,,-9938.21
2012-09-19,0.36,,,,-2162.33
2012-09-18,0.17,,,,16205.92
2012-09-17,0.0,,,,-1008.14
2012-09-16,0.17,,,,15580.63
2012-09-15,0.13,,,,-30489.92
2012-09-14,0.23,,,,24220.71
2012-09-13,0.14,,,,-39969.42
2012-09-12,0.11,,,,-11010.41
2012-09-11,0.050000000000001,,,,27917.3
2012-09-10,0.0,,,,30823.82
2012-09-09,0.059999999999999,,,,-11942.5
2012-09-08,-0.13,,,,-10829.64
2012-09-07,0.16,,,,-35053.84
2012-09-06,0.21,,,,8306.91
2012-09-05,0.43,,,,26927.29
2012-09-04,-0.039999999999999,,,,13497.32
2012-09-03,0.3,,,,-2259.55
2012-09-02,0.049999999999999,,,,2296.68
2012-09-01,-0.2,,,,-47133.86
2012-08-31,-0.56,,,,38733.26
2012-08-30,-0.09,,,,-25613.47
2012-08-29,-0.050000000000001,,,,-4194.6
2012-08-28,-0.29,,,,-121587.49
2012-08-27,0.63,,,,156815.09
2012-08-26,0.11,,,,-13822.36
2012-08-25,0.18,,,,-56752.63
2012-08-24,0.26,,,,38568.92
2012-08-23,0.09,,,,-18159.25
2012-08-22,-0.12,,,,-83.819999999992
2012-08-21,0.52,,,,-125376.63
2012-08-20,0.42,,,,-45684.84
2012-08-19,-2.77,,,,156911.03
2012-08-18,-1.45,,,,-142832.16
2012-08-17,0.09,,,,131735.34
2012-08-16,0.62,,,,40633.08
2012-08-15,0.52,,,,14304.33
2012-08-14,0.33,,,,-15300.12
2012-08-13,0.13,,,,31046.22
2012-08-12,0.13,,,,10017.53
2012-08-11,0.12,,,,-50434.49
2012-08-10,0.049999999999999,,,,-36393.36
2012-08-09,0.31,,,,73987.95
2012-08-08,0.2,,,,-13056.37
2012-08-07,-0.059999999999999,,,,-9711.81
2012-08-06,0.27,,,,-16070.88
2012-08-05,-0.39,,,,18536.71
2012-08-04,0.28,,,,-12136.28
2012-08-03,0.61,,,,-65008.09
2012-08-02,0.7,,,,55710.24
2012-08-01,0.16,,,,5418.41
2012-07-31,0.32,,,,14346.78
2012-07-30,0.16,,,,44977.7
2012-07-29,-0.09,,,,-5737.18
2012-07-28,-0.030000000000001,,,,-10194.11
2012-07-27,0.13,,,,-6913.41
2012-07-26,0.17,,,,-33160.71
2012-07-25,-0.029999999999999,,,,23098.78
2012-07-24,0.15,,,,-110126.87
2012-07-23,-0.15,,,,123601.26
2012-07-22,-0.26,,,,-112060.65
2012-07-21,0.67,,,,-15377.04
2012-07-20,-0.88,,,,105992.38
2012-07-19,0.08,,,,-61937.94
2012-07-18,0.67,,,,-104050.92
2012-07-17,0.28,,,,108582.8
2012-07-16,0.48,,,,82287.68
2012-07-15,-0.02,,,,11460.38
2012-07-14,-0.04,,,,-51734.79
2012-07-13,0.35,,,,-924.98
2012-07-12,0.18,,,,25555.53
2012-07-11,0.0099999999999998,,,,-33082.48
2012-07-10,0.23,,,,4072.41
2012-07-09,0.090000000000001,,,,52580.7
2012-07-08,0.0099999999999998,,,,-21134.28
2012-07-07,0.13,,,,-5416.07
2012-07-06,-0.0099999999999998,,,,-2666.22
2012-07-05,0.14,,,,11362.95
2012-07-04,-0.05,,,,-37629.43
2012-07-03,-0.13,,,,32666.46
2012-07-02,0.08,,,,18603.37
2012-07-01,-0.04,,,,-2231.05
2012-06-30,0.05,,,,-11122.05
2012-06-29,0.03,,,,-10423.49
2012-06-28,0.04,,,,-9102.83
2012-06-27,0.14,,,,1094.23
2012-06-26,0.08,,,,-14500.85
2012-06-25,-0.08,,,,30924.37
2012-06-24,-0.1,,,,15429.48
2012-06-23,-0.1,,,,-35587.92
2012-06-22,-0.1,,,,5951.91
2012-06-21,0.08,,,,-16273.49
2012-06-20,0.17,,,,22740.17
2012-06-19,0.17,,,,-2998.07
2012-06-18,-0.05,,,,-2606.07
2012-06-17,-0.14,,,,-36183.05
2012-06-16,0.35,,,,17214.37
2012-06-15,0.22,,,,28483.71
2012-06-14,0.03,,,,-19987.19
2012-06-13,0.23,,,,-28803.66
2012-06-12,0.13,,,,46143.69
2012-06-11,0.03,,,,15162.47
2012-06-10,-0.11,,,,-12487.44
2012-06-09,-0.04,,,,-16688.23
2012-06-08,0.12,,,,6710.41
2012-06-07,0.06,,,,9251.29
2012-06-06,0.05,,,,-45437.26
2012-06-05,0.15,,,,36333.14
2012-06-04,0.04,,,,38057.44
2012-06-03,-0.02,,,,-3847.89
2012-06-02,-0.02,,,,-30119.0
2012-06-01,0.08,,,,5571.62
2012-05-31,0.02,,,,-184.78000000001
2012-05-30,0.03,,,,-21798.8
2012-05-29,-0.010000000000001,,,,34300.94
2012-05-28,0.03,,,,10533.93
2012-05-27,-0.0099999999999998,,,,-1418.36
2012-05-26,-0.0099999999999998,,,,-6100.12
2012-05-25,-0.010000000000001,,,,-3383.63
2012-05-24,-0.0099999999999998,,,,-26267.13
2012-05-23,0.05,,,,9125.68
2012-05-22,0.0,,,,4915.92
2012-05-21,-0.029999999999999,,,,22939.39
2012-05-20,0.0099999999999998,,,,-4727.49
2012-05-19,0.0,,,,-30657.8
2012-05-18,0.02,,,,27336.32
2012-05-17,0.010000000000001,,,,-45876.09
2012-05-16,0.069999999999999,,,,21658.91
2012-05-15,0.0099999999999998,,,,-3570.32
2012-05-14,0.03,,,,41605.41
2012-05-13,0.0099999999999998,,,,-9574.06
2012-05-12,0.02,,,,-44753.38
2012-05-11,-0.03,,,,-7504.45
2012-05-10,-0.09,,,,33747.0
2012-05-09,0.02,,,,-28665.47
2012-05-08,-0.010000000000001,,,,22503.28
2012-05-07,-0.0099999999999998,,,,26994.14
2012-05-06,0.0,,,,-1288.84
2012-05-05,-0.07,,,,-23368.68
2012-05-04,0.03,,,,7935.67
2012-05-03,0.0099999999999998,,,,-64655.59
2012-05-02,0.11,,,,66391.74
2012-05-01,0.02,,,,-20690.68
2012-04-30,0.0,,,,35929.37
2012-04-29,-0.02,,,,-72134.94
2012-04-28,-0.11,,,,66456.38
2012-04-27,0.0,,,,-35872.63
2012-04-26,-0.05,,,,25649.49
2012-04-25,0.06,,,,-42838.35
2012-04-24,-0.06,,,,27430.99
2012-04-23,-0.06,,,,15236.16
2012-04-22,-0.09,,,,-24611.98
2012-04-21,0.05,,,,-47571.25
2012-04-20,0.09,,,,55323.33
2012-04-19,0.06,,,,-30565.8
2012-04-18,0.12,,,,52833.45
2012-04-17,0.04,,,,-8222.41
2012-04-16,-0.0099999999999998,,,,7483.65
2012-04-15,-0.05,,,,-33856.5
2012-04-14,0.12,,,,-34076.73
2012-04-13,-0.010000000000001,,,,46089.3
2012-04-12,-0.02,,,,-14822.73
2012-04-11,0.08,,,,9328.15
2012-04-10,0.05,,,,18085.51
2012-04-09,0.04,,,,-1046.24
2012-04-08,-0.09,,,,-39523.66
2012-04-07,-0.13,,,,21513.39
2012-04-06,0.029999999999999,,,,24665.21
2012-04-05,-0.0099999999999998,,,,-19058.76
2012-04-04,0.0099999999999998,,,,-23111.52
2012-04-03,-0.02,,,,-6921.3
2012-04-02,0.14,,,,49285.05
2012-04-01,-0.1,,,,552.9
2012-03-31,0.11,,,,-7133.74
2012-03-30,0.039999999999999,,,,1069.05
2012-03-29,-0.06,,,,4300.51
2012-03-28,0.13,,,,-38223.26
2012-03-27,0.02,,,,5264.93
2012-03-26,0.14,,,,-1289.7
2012-03-25,-0.15,,,,33418.96
2012-03-24,-0.04,,,,-16450.93
2012-03-23,-0.06,,,,-5899.18
2012-03-22,-0.06,,,,14190.22
2012-03-21,0.02,,,,-20130.61
2012-03-20,-0.09,,,,-123272.56
2012-03-19,-0.34,,,,165562.77
2012-03-18,-0.09,,,,-14167.87
2012-03-17,-0.02,,,,6012.72
2012-03-16,0.03,,,,-10152.04
2012-03-15,-0.05,,,,-22125.3
2012-03-14,0.2,,,,-65231.61
2012-03-13,0.28,,,,107454.5
2012-03-12,-0.02,,,,-19700.55
2012-03-11,0.09,,,,14287.4
2012-03-10,-0.09,,,,-4652.11
2012-03-09,0.02,,,,-24791.55
2012-03-08,-0.05,,,,11118.76
2012-03-07,-0.05,,,,1647.21
2012-03-06,0.04,,,,-22220.67
2012-03-05,0.13,,,,9004.4
2012-03-04,0.13,,,,18579.51
2012-03-03,-0.02,,,,-90732.84
2012-03-02,-0.23,,,,85567.38
2012-03-01,0.1,,,,17266.12
2012-02-29,-0.05,,,,-35242.68
2012-02-28,-0.06,,,,33117.85
2012-02-27,-0.02,,,,-40106.63
2012-02-26,0.07,,,,-15588.32
2012-02-25,-0.09,,,,-4670.53
2012-02-24,0.15,,,,-74915.18
2012-02-23,0.38,,,,60914.75
2012-02-22,0.13,,,,52257.45
2012-02-21,-0.06,,,,14057.97
2012-02-20,0.02,,,,-24025.0
2012-02-19,0.08,,,,-7989.33
2012-02-18,-0.19,,,,-66027.47
2012-02-17,0.27,,,,-30336.8
2012-02-16,-0.39,,,,4655.9
2012-02-15,-0.12,,,,-136350.76
2012-02-14,-0.64,,,,128051.98
2012-02-13,-0.26,,,,88031.24
2012-02-12,-0.1,,,,12262.83
2012-02-11,-0.17,,,,30392.56
2012-02-10,0.12,,,,-50575.21
2012-02-09,0.11,,,,-148209.76
2012-02-08,0.02,,,,165583.47
2012-02-07,0.07,,,,-17121.4
2012-02-06,-0.13,,,,-30581.46
2012-02-05,-0.24,,,,100290.23
2012-02-04,0.0,,,,-39377.26
2012-02-03,-0.11,,,,4909.63
2012-02-02,0.21,,,,-61193.06
2012-02-01,0.29,,,,67581.36
2012-01-31,0.02,,,,6406.91
2012-01-30,0.029999999999999,,,,-4335.62
2012-01-29,-0.09,,,,-43456.5
2012-01-28,0.28,,,,-26522.22
2012-01-27,-0.3,,,,-7411.34
2012-01-26,-0.29,,,,-9482.61
2012-01-25,-0.42,,,,97884.72
2012-01-24,0.0099999999999998,,,,17485.26
2012-01-23,0.0,,,,-26685.98
2012-01-22,0.0,,,,-19818.71
2012-01-21,-0.15,,,,-2255.76
2012-01-20,0.26,,,,-48101.99
2012-01-19,0.2,,,,-111905.29
2012-01-18,-0.06,,,,13185.06
2012-01-17,-0.79,,,,90309.44
2012-01-16,-0.07,,,,61170.49
2012-01-15,0.31,,,,-80283.47
2012-01-14,-0.02,,,,81952.32
2012-01-13,-0.13,,,,-80127.74
2012-01-12,-0.069999999999999,,,,40444.31
2012-01-11,0.41,,,,-10084.26
2012-01-10,-0.069999999999999,,,,-38824.51
2012-01-09,-0.56,,,,90417.83
2012-01-08,0.31,,,,10379.89
2012-01-07,-0.07,,,,-172049.85
2012-01-06,0.59,,,,36070.5
2012-01-05,0.95,,,,52501.37
2012-01-04,0.3,,,,6101.2
2012-01-03,-0.26,,,,56611.15
2012-01-02,0.11,,,,-40125.71
2012-01-01,0.5,,,,-21340.94
2011-12-31,0.41,,,,89325.96
2011-12-30,-0.029999999999999,,,,-12113.1
2011-12-29,0.08,,,,19224.83
2011-12-28,0.12,,,,3192.15
2011-12-27,-0.02,,,,-58008.32
2011-12-26,-0.1,,,,8372.41
2011-12-25,0.22,,,,65483.56
2011-12-24,0.02,,,,-5521.62
2011-12-23,0.11,,,,-36520.95
2011-12-22,-0.14,,,,7989.89
2011-12-21,-0.04,,,,-137861.26
2011-12-20,0.56,,,,45970.87
2011-12-19,0.21,,,,130152.15
2011-12-18,0.01,,,,-5586.66
2011-12-17,0.0099999999999998,,,,-13971.62
2011-12-16,0.01,,,,146.56
2011-12-15,0.05,,,,-42990.12
2011-12-14,-0.09,,,,40291.52
2011-12-13,0.03,,,,-7376.55
2011-12-12,-0.02,,,,-69099.9
2011-12-11,0.16,,,,34523.37
2011-12-10,0.05,,,,40087.6
2011-12-09,0.04,,,,-5896.19
2011-12-08,-0.05,,,,-18158.76
2011-12-07,0.02,,,,2298.83
2011-12-06,0.11,,,,25569.08
2011-12-05,0.12,,,,-64239.63
2011-12-04,-0.18,,,,-28160.84
2011-12-03,-0.17,,,,65383.79
2011-12-02,0.05,,,,-6953.71
2011-12-01,0.14,,,,-55499.46
2011-11-30,0.12,,,,-60326.3
2011-11-29,0.28,,,,138809.4
2011-11-28,0.05,,,,19394.39
2011-11-27,-0.02,,,,-13287.09
2011-11-26,0.0099999999999998,,,,-8949.23
2011-11-25,0.05,,,,-43505.48
2011-11-24,0.1,,,,47753.57
2011-11-23,0.0099999999999998,,,,5840.15
2011-11-22,0.08,,,,-8471.95
2011-11-21,-0.05,,,,-37031.58
2011-11-20,0.11,,,,1023.25
2011-11-19,0.03,,,,-19811.79
2011-11-18,-0.09,,,,-20981.67
2011-11-17,-0.23,,,,75712.76
2011-11-16,0.16,,,,-32781.4
2011-11-15,-0.21,,,,-306859.29
2011-11-14,-0.49,,,,374694.96
2011-11-13,-0.06,,,,-11215.15
2011-11-12,0.09,,,,-24297.15
2011-11-11,0.1,,,,10584.34
2011-11-10,-0.13,,,,-18142.67
2011-11-09,-0.09,,,,-9264.98
2011-11-08,0.09,,,,37635.39
2011-11-07,0.04,,,,6936.95
2011-11-06,-0.05,,,,-35974.49
2011-11-05,-0.12,,,,12892.4
2011-11-04,-0.08,,,,15703.51
2011-11-03,-0.02,,,,-7805.62
2011-11-02,0.04,,,,-5938.92
2011-11-01,0.0,,,,7123.72
2011-10-31,-0.19,,,,-20277.79
2011-10-30,-0.16,,,,-28712.86
2011-10-29,0.43,,,,27122.87
2011-10-28,0.19,,,,-6038.78
2011-10-27,0.17,,,,29122.75
2011-10-26,0.0099999999999998,,,,-72099.62
2011-10-25,-0.07,,,,9622.59
2011-10-24,-0.27,,,,55039.28
2011-10-23,0.07,,,,-83595.61
2011-10-22,0.47,,,,47509.1
2011-10-21,0.23,,,,24479.19
2011-10-20,0.03,,,,-53107.98
2011-10-19,-0.34,,,,14114.21
2011-10-18,-0.23,,,,-120310.7
2011-10-17,-0.79,,,,171164.25
2011-10-16,-0.25,,,,-5383.56
2011-10-15,-0.11,,,,21451.48
2011-10-14,-0.08,,,,774.56
2011-10-13,0.0099999999999998,,,,-49428.48
2011-10-12,0.12,,,,28260.67
2011-10-11,-0.15,,,,24257.05
2011-10-10,-0.090000000000001,,,,-20589.21
2011-10-09,0.16,,,,-2068.65
2011-10-08,-0.26,,,,-58633.55
2011-10-07,-0.39,,,,41262.78
2011-10-06,-0.18,,,,37038.97
2011-10-05,-0.04,,,,562.28
2011-10-04,-0.04,,,,438.29
2011-10-03,-0.04,,,,8586.87
2011-10-02,-0.069999999999999,,,,-12984.73
2011-10-01,0.04,,,,-18926.27
2011-09-30,0.31,,,,25969.97
2011-09-29,-0.04,,,,-18111.75
2011-09-28,-0.1,,,,2795.14
2011-09-27,-0.11,,,,-26584.54
2011-09-26,-0.37,,,,46605.53
2011-09-25,-0.09,,,,-8038.12
2011-09-24,-0.18,,,,-37615.73
2011-09-23,0.1,,,,22662.09
2011-09-22,-0.13,,,,-36772.34
2011-09-21,-0.48,,,,-48273.93
2011-09-20,0.84,,,,67342.2
2011-09-19,0.15,,,,5630.23
2011-09-18,0.34,,,,24189.05
2011-09-17,-0.04,,,,-9242.66
2011-09-16,-0.16,,,,-56349.91
2011-09-15,-0.58,,,,43328.19
2011-09-14,-0.24,,,,19212.23
2011-09-13,-0.25,,,,-38034.66
2011-09-12,-0.02,,,,-80968.09
2011-09-11,1.03,,,,100511.31
2011-09-10,-0.28,,,,-172900.84
2011-09-09,-1.49,,,,185595.79
2011-09-08,-0.23,,,,-17742.96
2011-09-07,0.3,,,,-32871.16
2011-09-06,-0.89,,,,51711.72
2011-09-05,-0.55,,,,11127.24
2011-09-04,-0.36,,,,12744.37
2011-09-03,0.09,,,,-9861.06
2011-09-02,0.22,,,,4923.61
2011-09-01,-0.13,,,,-7770.4
2011-08-31,-0.43,,,,7872.2
2011-08-30,-0.15,,,,-9874.41
2011-08-29,-0.040000000000001,,,,-2474.56
2011-08-28,0.34,,,,2149.81
2011-08-27,-0.02,,,,-61016.52
2011-08-26,-1.36,,,,27479.14
2011-08-25,-0.93,,,,47694.87
2011-08-24,-0.09,,,,-4944.55
2011-08-23,0.0,,,,-24258.22
2011-08-22,-0.35,,,,28268.12
2011-08-21,-0.11,,,,-1153.07
2011-08-20,0.09,,,,-23824.94
2011-08-19,0.5,,,,25542.41
2011-08-18,0.02,,,,-14717.18
2011-08-17,-0.17,,,,7605.35
2011-08-16,-0.25,,,,-22848.9
2011-08-15,0.69,,,,-5959.32
2011-08-14,0.81,,,,14383.09
2011-08-13,0.48,,,,-11832.36
2011-08-12,-0.15,,,,-16522.44
2011-08-11,-0.53,,,,33860.11
2011-08-10,0.28,,,,-90218.33
2011-08-09,1.98,,,,80430.56
2011-08-08,0.02,,,,-55788.74
2011-08-07,-0.1,,,,-12580.77
2011-08-06,-2.45,,,,71646.04
2011-08-05,-0.31,,,,-19328.41
2011-08-04,0.13,,,,-40193.23
2011-08-03,-1.94,,,,33044.64
2011-08-02,-0.78,,,,35494.6
2011-08-01,-0.35,,,,-23975.35
2011-07-31,-0.0099999999999998,,,,39619.06
2011-07-30,0.02,,,,-1153.13
2011-07-29,-0.1,,,,-25480.76
2011-07-28,-0.35,,,,21229.61
2011-07-27,0.050000000000001,,,,-5285.2
2011-07-26,-0.29,,,,-14784.1
2011-07-25,0.34,,,,4954.7
2011-07-24,0.22,,,,4167.66
2011-07-23,-0.0099999999999998,,,,7289.98
2011-07-22,-0.0099999999999998,,,,-9852.75
2011-07-21,-0.029999999999999,,,,1840.47
2011-07-20,-0.35,,,,-44397.71
2011-07-19,1.01,,,,-8320.7
2011-07-18,-0.31,,,,41520.84
2011-07-17,-0.28,,,,17110.98
2011-07-16,-0.28,,,,-7555.05
2011-07-15,-0.029999999999999,,,,7158.38
2011-07-14,-0.1,,,,7323.01
2011-07-13,-0.12,,,,-16018.36
2011-07-12,-0.22,,,,-22803.5
2011-07-11,-0.71,,,,3875.59
2011-07-10,0.69,,,,33375.25
2011-07-09,0.040000000000001,,,,-22944.25
2011-07-08,-0.81,,,,-19612.28
2011-07-07,0.36,,,,-57352.62
2011-07-06,2.0,,,,27737.17
2011-07-05,-1.68,,,,31804.16
2011-07-04,-1.0,,,,35484.7
2011-07-03,-0.049999999999999,,,,-2660.95
2011-07-02,-0.37,,,,-13831.21
2011-07-01,-0.61,,,,-1676.74
2011-06-30,-0.37,,,,13917.82
2011-06-29,-0.050000000000001,,,,-3354.78
2011-06-28,-0.080000000000002,,,,-7054.39
2011-06-27,1.42,,,,16398.61
2011-06-26,-2.18,,,,-15122.81
2011-06-19,1.73,,,,-5359.81
2011-06-18,0.53,,,,-73087.22
2011-06-17,-3.35,,,,59421.63
2011-06-16,-0.82,,,,21490.24
2011-06-15,0.43,,,,-8444.09
2011-06-14,-0.86,,,,-37265.8
2011-06-13,3.9,,,,-77772.37
